marketplace	customer_id	review_id	product_id	product_parent	product_title	product_category	star_rating	helpful_votes	total_votes	vine	verified_purchase	review_headline	review_body	review_date	timestamp	IP Address
US	20422322	R8MEA6IGAHO0B	B00MC4CED8	82850235	BlackVue DR600GW-PMP	Mobile_Electronics	5	0	0	N	Y	Very Happy!	As advertised. Everything works perfectly, I'm very happy with the camera. As a matter of fact I'm going to buy another one for my 2nd car.	2015-08-31	1440987567	193.93.167.87
US	40835037	R31LOQ8JGLPRLK	B00OQMFG1Q	82850235	GENSSI GSM / GPS Two Way Smart Phone Car Alarm System for iPhone Android Security	Mobile_Electronics	5	0	1	N	Y	five star	it's great	2015-08-31	1441001998	193.93.167.87
US	51469641	R2Y0MM9YE6OP3P	B00QERR5CY	82850235	iXCC Multi pack Lightning cable	Mobile_Electronics	5	0	0	N	Y	great cables	These work great and fit my life proof case for the iPhone 6	2015-08-31	1440959483	193.93.167.87
US	4332923	RRB9C05HDOD4O	B00QUFTPV4	82850235	abcGoodefg® FBI Covert Acoustic Tube Earpiece Headset PTT Mic for Motorola Two Way Radio Device Walkie Talkie GP88 300 2000 CT150 P040 PRO1150 SP10 XTN500 2pin	Mobile_Electronics	4	0	0	N	Y	Work very well	Work very well 	2015-08-31	1441015251	193.93.167.87
US	44855305	R26I2RI1GFV8QG	B0067XVNTG	563475445	"Generic Car Dashboard Video Camera Vehicle Video Accident Recorder (2.0"" 1080P)"	Mobile_Electronics	2	0	0	N	Y	Cameras has battery issues	Be careful with these products, I have bought several of these cameras and the image is pretty decent but battery doesn't hold any charge!!!!	2015-08-31	1440973308	205.10.168.66
US	7846966	RY8DDL22YG4R5	B00KA6CCVY	563475445	Aweek® Air Acoustic Earpiece Headset for Baofeng Two Way Radios UV-5R UV-B6 BF-888S UV-B6 UV-B5 Walkie Talkies 2-Pin Jack	Mobile_Electronics	3	0	1	N	Y	It appears to be good, but I'm still waiting for my other items ...	It appears to be good, but I'm still waiting for my other items radio,batteries,charger, before I can go to 4 or 5 stars	2015-08-31	1440977588	205.10.168.66
US	21299354	R2AT2426ZHFUHH	B00MJCDPM2	563475445	Sentey LS-4460 B-Trek S8 Bluetooth Portable Stereo Speaker (Black)	Mobile_Electronics	3	0	1	N	Y	Didn't love the first one	First one arrived as a brick.  Wouldn't work, wouldn't charge, useless.  Exchanged for a new one that works as advertised.	2015-08-31	1441033322	205.10.168.66
US	20422322	R8MEA6IGAHO0B	B00MC4CED8	563475445	BlackVue DR600GW-PMP	Mobile_Electronics	5	0	0	N	Y	Very Happy!	As advertised. Everything works perfectly, I'm very happy with the camera. As a matter of fact I'm going to buy another one for my 2nd car.	2015-08-31	1441012613	205.10.168.66
US	20422322	R8MEA6IGAHO0B	B00MC4CED8	217304173	BlackVue DR600GW-PMP	Mobile_Electronics	5	0	0	N	Y	Very Happy!	As advertised. Everything works perfectly, I'm very happy with the camera. As a matter of fact I'm going to buy another one for my 2nd car.	2015-08-31	1440987567	206.33.134.174
US	40835037	R31LOQ8JGLPRLK	B00OQMFG1Q	137313254	GENSSI GSM / GPS Two Way Smart Phone Car Alarm System for iPhone Android Security	Mobile_Electronics	5	0	1	N	Y	five star	it's great	2015-08-31	1441001998	219.3.75.180
US	51469641	R2Y0MM9YE6OP3P	B00QERR5CY	82850235	iXCC Multi pack Lightning cable	Mobile_Electronics	5	0	0	N	Y	great cables	These work great and fit my life proof case for the iPhone 6	2015-08-31	1440959483	194.12.14.67
US	4332923	RRB9C05HDOD4O	B00QUFTPV4	221169481	abcGoodefg® FBI Covert Acoustic Tube Earpiece Headset PTT Mic for Motorola Two Way Radio Device Walkie Talkie GP88 300 2000 CT150 P040 PRO1150 SP10 XTN500 2pin	Mobile_Electronics	4	0	0	N	Y	Work very well but couldn't get used to not hearing ...	Work very well but couldn't get used to not hearing anything out of the ear they v were plugged into.	2015-08-31	1441015251	213.136.76.172
US	44855305	R26I2RI1GFV8QG	B0067XVNTG	563475445	"Generic Car Dashboard Video Camera Vehicle Video Accident Recorder (2.0"" 1080P)"	Mobile_Electronics	2	0	0	N	Y	Cameras has battery issues	Be careful with these products, I have bought several of these cameras and the image is pretty decent but battery doesn't hold any charge!!!!	2015-08-31	1440973308	197.113.158.177
US	7846966	RY8DDL22YG4R5	B00KA6CCVY	713636156	Aweek® Air Acoustic Earpiece Headset for Baofeng Two Way Radios UV-5R UV-B6 BF-888S UV-B6 UV-B5 Walkie Talkies 2-Pin Jack	Mobile_Electronics	3	0	1	N	Y	It appears to be good, but I'm still waiting for my other items ...	It appears to be good, but I'm still waiting for my other items radio,batteries,charger, before I can go to 4 or 5 stars	2015-08-31	1440977588	194.20.111.181
US	21299354	R2AT2426ZHFUHH	B00MJCDPM2	754171872	Sentey LS-4460 B-Trek S8 Bluetooth Portable Stereo Speaker (Black)	Mobile_Electronics	3	0	1	N	Y	Didn't love the first one	First one arrived as a brick.  Wouldn't work, wouldn't charge, useless.  Exchanged for a new one that works as advertised.	2015-08-31	1441033322	214.101.70.31
US	28902968	R3RRXU2R23NMQ9	B00ET5AWBY	508373185	iPad Car Headrest Mount Holder for iPad 2/ iPad 3/ iPad 4 with Long Mounting Strap	Mobile_Electronics	5	0	0	N	Y	Five Stars	Worked great for vacation	2015-08-31	1441012613	219.123.29.237
US	2074438	R250PR8VJUZ62F	B00Z9K379C	759387370	ANWING Waterproof Wireless Bluetooth Speaker Outdoor and Shower Bluetooth Louder Speaker NFC, Sky Blue	Mobile_Electronics	4	0	2	N	Y	Four Stars	this is a very good item, it provide me the sound that i like..	2015-08-31	1441001330	200.89.172.214
US	48701722	RBEMQ29WJBHYG	B00YO3UYXW	913911909	Jensen MCR-100 Cassette Player/Recorder 1 Touch Recording with Headphone Jack & Aux Line-in	Mobile_Electronics	5	164	168	N	Y	I LOVE my recorder	I LOVE my recorder. Bought it obviously because I have tape cassette's with no way to play them.<br />Spent an AMAZING afternoon, listening to my Mom (who passed away in 2005), tell a 90 minute Christmas story of &#34;Nicholas&#34;,  to my two daughters, many moons ago.  It was a wonderful afternoon of laughter and tears.<br />I thank you, for providing me, the time to spend an afternoon with my Mom again... :)	2015-08-31	1440979584	200.126.20.68
US	2990247	R19VVIUT4BZCMT	B011W26BU2	938399424	Bluetooth Speakers, SoundPal Cube F1 5 Watt Bluetooth Speaker Compatible with all Bluetooth Devices	Mobile_Electronics	5	2	2	N	Y	Five Stars	Great sound great battery beach, work, park, anywhere battery lasts	2015-08-31	1440995607	214.28.87.69
US	52946117	R1DT8JJUQHUKUL	B00H8PI78C	661515294	15Pcs DC 5V 85dB 2 Pins Industrial Active Electronic Alarm Buzzer	Mobile_Electronics	3	0	1	N	Y	More of a beeper than a buzzer - good part, bad listing	If what you want is a continuous tone piezo - i.e. a &#34;beeper&#34; - then this one would get 5  or maybe 4 stars.  (Possibly dock one star because it's a bit quiet for the rated sound level.)  However, if what you wanted was the thing described in the listing - i.e. a *buzzer*, for example something that would make the sound you get if you answer incorrectly on a game show &#34;bzzzzt&#34; - then it's 3 stars at best.  This is the 3rd batch of &#34;buzzers&#34; I've ordered from different suppliers so this is not an isolated incident.  Anyone need some beepers, cheap?	2015-08-31	1441017039	196.35.98.228
US	49359994	RLIL6S9OGM3YA	B00M49C6MK	91176851	Sentey Ls 4162	Mobile_Electronics	5	0	0	N	Y	Five Stars	Love it	2015-08-31	1440999611	220.119.172.142
US	4158732	R34EZZ68VYPHO0	B011Q291PK	891142775	IcePACK 8 Can Insulated Cooler Speaker System Bag with Built-In Speaker and Amplifier System - Works With Beer , Soda , Gatorade , Juice Boxes and More Drinks	Mobile_Electronics	1	1	1	N	Y	One Star	Sucks	2015-08-31	1440961088	217.122.116.86
US	18944032	R3TZNSOXS13SIG	B00W6OLUGQ	577462547	DTK® AMI MDI MMI Adapter 8-PIN Lightning Cable Connect iPod iPhone 5 ,5S, iPhone 6, iPhone 6 plus iPad to Audi A4 A5 S5 A6 A8 Q7 / Vw Jetta GTI GLI Jetta Passat Cc Tiguan Touareg EOS / Skoda Superb Octavia Fabia / Seat 2009-2013	Mobile_Electronics	2	1	3	N	Y	Two Stars	u need to plug in both	2015-08-31	1441025072	223.73.108.197
US	279606	R12UBZT87UX3AP	B008MY1F8W	680240984	INPA K+CAN K+DCAN Car Diagnostic tool Cable OBD USB Interface for BMW R56 E87 E93 E70	Mobile_Electronics	5	2	2	N	Y	Five Stars	Worked with MHD Flasher for Android.  Used to flash performance tunes to BMW 135i/335i N54 engines.	2015-08-31	1440961489	207.212.248.90
US	10947966	R5KCRE927NYMU	B00KW3XNUE	219920841	Magicfly Wireless RF Item Locator Key Finder 1 RF Transmitter and 6 Receivers	Mobile_Electronics	2	0	0	N	N	Battery Cover Poor Quality	Just arrived,  read instructions and attacked my #1 to key chain. Installed battery but for the life of me, was unable to CLOSE the cap. 100 times and still no go. #1 is out and apparently is broken. Tried #2 and did mange to close the cap. Have not tried #3 or #4 yet. Surely they can make a quality cover for the device. Thinking of returning the item and look for better quality battery cover. The font on the instructions are  too tiny to read, sure you can afford a larger print. No phone number or web address to contact for a replacement of #1. Hmmm...maybe you KNEW you had an inferior battery cover and  didn't care to deal with the complaints!	2015-08-31	1440988495	215.7.199.46
US	18387442	RT12RQFU0V2AX	B009NGR0AK	254898339	Humminbird XNT 9 28 T Transom Mount Single/Dual Beam Transducer	Mobile_Electronics	5	1	1	N	Y	Works great.	I bought this unit as a replacement for my portable fish finder. Works great as did the original. I replaced it because the original was accidentally damaged.	2015-08-31	1441017087	212.10.36.167
US	48950322	R2K0YQPV5W2SJ1	B011W26BU2	938399424	Bluetooth Speakers, SoundPal Cube F1 5 Watt Bluetooth Speaker Compatible with all Bluetooth Devices	Mobile_Electronics	4	2	2	N	Y	A Lot of Sound In a Little Package!	I am giving the speakers a test drive as I write this review. I am deeply impressed by the sound quality of this little box. The high end is really nice. The bass is somewhat lacking, but, I didn't expect room-shaking bass anyway. These are a keeper!!!	2015-08-31	1440982001	217.232.39.78
US	48148197	R104MY31OKNGXH	B00PAP68WO	366592530	Foxnovo 3.7V 380mAh 25C Rechargeable Lipo Battery for Hubsan X4 H107 Ladybird RC Quadcopter (Blue)	Mobile_Electronics	5	0	0	N	Y	Five Stars	Met my application needs very well.	2015-08-31	1441039642	220.152.148.128
US	133451	R3EQYRGIIJQBHT	B0105XU088	673736961	AUSDOM AD170 Car DVR Dashboard Camcorder + G-Sensor + 2.0 Inch HD LCD TFT Display + 110° Viewing Angle Automobile Dashboard Camera Records in 1080p Full HD (Iron Gray)	Mobile_Electronics	5	0	1	N	N	I like it so much !!	This dash cam gives me life. I am an african american and anyone with a television knows that racial profiling of minorities is a huge problem in America. I got my dash cam to record my trips but I also use it to record any police stops. So far no stops. Yay me BUT I took the scenic route to the beach and pointed my camera at the ocean as I drove. Beautiful. The video is crystal clear and vivid. I like it so much my husband wants one too. I recieved this dash cam at a discount in exchange for an honest and unbiased review of how well it performed.	2015-08-31	1441040447	212.190.95.199
US	24863069	R32MW6D6CXKCFW	B00LTCIT7Y	332806411	Astatic (302-10005) D104M6B Amplified Ceramic Power 4-Pin CB Microphone	Mobile_Electronics	2	0	0	N	Y	Two Stars	Scratchy when keyed up	2015-08-31	1440977162	219.28.245.145
US	6202237	RFO6FJSAA391Z	B00KGPB9ZY	345680591	AODE® 2x A Pair 42mm 3W Super Bright White Car Truck Vehicle COB LED Bulbs Festoon Interior Dome Map Lamp Front Number Plate Light 130189	Mobile_Electronics	5	0	0	N	Y	Great	Great	2015-08-31	1440969240	195.104.192.22
US	23652105	R1IG9KI4EWNE4W	B00PHZS078	531752206	1 - Mini Bluetooth Speaker, Blue	Mobile_Electronics	5	0	0	N	N	Awesome speaker	This was a gift from a friend a year ago and I thought it would be just an average little speaker. For my surprise, this product is awesome, sounds great and I would definitely consider buy another one.	2015-08-31	1440965850	220.57.82.103
US	399812	R3IF1H9L7WSGQD	B00XWY8MO2	124821171	"(2) Skar Audio VD-10 D2 500 Watt RMS Dual 2 Ohm 10"" Shallow Subwoofers"	Mobile_Electronics	5	1	1	N	N	i love the sound of skar and in the right box ...	i love the sound of skar and in the right box these are louder than any PSI around.. i have had 1 10' skar vd in a ported box for a &#34;SINGLE CAB CHEVY&#34; and iv out beat many larger systems... its a great product and i will stay with skar before i go back to kickers	2015-08-31	1441039294	219.177.83.4
US	48805811	R38T4K7X8UBVO7	B00HR0ZTD4	772901687	Fm Transmitter, Keedox Car Radio Transmitter Car kit with 3.5mm Aux Audio Input, Car Charger Adapter for Apple iPhone 6s Plus, 6s, Samsung and More	Mobile_Electronics	5	0	0	N	Y	*ss kicker!	Can't go out with it!!!! best gadget for music lovers...	2015-08-31	1441036084	199.137.131.177
US	528818	R19C76D4LWB6CM	B00MXET7NC	651107618	BaoFeng M-1 Commercial Holster for UV-82 : Custom Leather, Vinyl, Stainless Steel Case	Mobile_Electronics	4	0	0	N	Y	Four Stars	Was everything I expected	2015-08-31	1440963690	193.105.138.92
US	10757416	R260G1C72KG6KC	B00LHXWPI4	952189067	Supersonic SC-807 Bluetooth CD/MP3/Cassette Player	Mobile_Electronics	1	0	0	N	N	Skip it.  Buy something else!	I was excited to get this product because it looked versatile and cute and I thought I could take it with me on the road.  However, after receiving it and trying it out I was disappointed to say the least.  The volume button does not work at all.  It is really stiff and difficult to move manually.  The control works, but it is small and could get lost if one is not careful.  The capacity for sound is limited.  Also the cables to connect the speakers were flimsy and not working properly.  Overall very disappointed with this purchase.  I contacted amazon for return and found out that we are responsible for shipping costs with this seller. I Found out the cheapest UPS ground services to be after packaging close to $30.00! This is crazy to have to pay this for a defective product.  So save your money and headache and buy something else.  Trust me, I hate to give bad reviews, but this is a sound equipment that you should skip!	2015-08-31	1441042403	197.240.150.192
US	30841819	R2SLX39DAJSG0V	B00TQYCU0Y	328706129	Garmin nüvi 65LM 6-Inch GPS Navigators System with Spoken Turn-By-Turn Directions, Preloaded Maps and Speed Limit Displays - Lower 49 U.S. States (Certified Refurbished)	Mobile_Electronics	5	0	0	N	Y	great price and I like the larger	Outstanding, great price and I like the larger screen	2015-08-31	1440998580	192.68.121.8
US	32397073	R5I2YBT9J85FF	B011W26BU2	938399424	Bluetooth Speakers, SoundPal Cube F1 5 Watt Bluetooth Speaker Compatible with all Bluetooth Devices	Mobile_Electronics	5	2	2	N	Y	Rock it!!	Nice little unit with great sound.  Built well and easy to use - great for travelling.  The hands-free phone feature is a nice plus.	2015-08-31	1440966237	204.88.184.149
US	22070226	R28UEIZZYTOC6N	B00VU7PGPQ	973149575	[New Element Series] iXCC MicroUSB cables	Mobile_Electronics	5	0	0	N	Y	Five Stars	Life savers	2015-08-31	1441018007	214.189.200.151
US	37645678	R2EJI73CFP0N1Q	B00VBBLOJI	43604968	Bluetooth Transmitter, AUKEY Portable Wireless Stereo Music Transmitter Adapter with A2DP and AptX, Simultaneously Pairing with Two Headsets for TV, PC, iPod, MP3, and other 3.5mm Audio Devices (BT-C3)	Mobile_Electronics	5	0	0	N	Y	Great range, about 30-50 feet	Great range, about 30-50 feet, very clear, works with any audio input jack whether on an iPod, iPad, or computer monitor. Love it	2015-08-31	1441041706	198.250.112.124
US	22480021	R31SFE3UEUA0EY	B00U7XE03I	947869361	Cambridge SoundWorks OontZ Angle 2 [The PLUS Edition] Ultra Portable Wireless Bluetooth Speaker with Built in Mic up to 15 Hour Playtime works with iPhone iPad tablet Samsung and smart phones (RED)	Mobile_Electronics	5	0	0	N	Y	My family and I like it so	My family and I like it so.much it has a good sound and we can take it anywhere we want.	2015-08-31	1440964688	220.8.225.176
US	27920584	R2N4NDRA7Q1SE5	B00IK9UZXA	711344791	MOCREO&reg; Wireless Portable Bluetooth Stereo Music Transmitter (Not A Bluetooth Receiver) for 3.5mm Audio Devices (iPod, MP3/MP4,TV, Media Players...) + 3.5mm Audio Cable + USB Power Cable (Black)	Mobile_Electronics	5	0	0	N	Y	Pairs easily and re-pairs without effort	Works as advertised.  Pairs easily and re-pairs without effort.	2015-08-31	1440984978	209.244.74.203
US	49109878	R8X0E4KMQKGRK	B00KW52PGA	724135610	Blueskysea Free Gift Gel Pen + G1W-C G1W PRO Car Dash Camera DVR NTK96650 Chip AR0330 Lens Capacitor Vision No Battery +Rear View Mirror Mount	Mobile_Electronics	4	0	0	N	Y	Free Pen	Good dashcam.  This is my second G1W-C.<br /><br />Likes: 1080p max resolution, rearview mirror mount, nice screen, no battery, affordable, free pen.<br /><br />Dislikes: loses time/date if car is parked for a few days (no battery, only capacitor), UI controls are tricky, free pen.	2015-08-31	1441043011	205.120.216.63
US	4159021	R36A0KHN48CHBP	B00911E7EO	157555526	Professional Tactique Military Police FBI Flexible Throat Mic Microphone Covert Acoustic Tube Earpiece Headset With Finger PTT for Kenwood Pro-Talk XLS TK Two Way Radio 2pin	Mobile_Electronics	5	0	0	N	Y	Five Stars	I just love this item. Thanks and plan to get more from this provider.	2015-08-31	1440966810	207.155.44.3
US	14738400	R3PG8VI81UURO5	B00HNOWHRU	611054041	Kobo eReader Touch Black	Mobile_Electronics	5	0	1	N	N	The big advantage that the Kobo has over the Kindle ...	The big advantage that the Kobo has over the Kindle is that pubic libraries do not support Kindle.  You can not use a kindle to download books from your local library.	2015-08-31	1440987952	192.173.128.78
US	29340349	RABE0NGQ36XZX	B00Z0GRGFG	983568905	Generic Mobile NL-550-WHITE Transceiver Antenna	Mobile_Electronics	1	0	0	N	N	1	First off, we need the operating band this is designed for.  It is not foldable or collapsable.  Also need the connector type.<br />You will not sell many of these without supplying more information.	2015-08-31	1440965909	206.125.88.203
US	53076619	R3VCLPEEQYTKLJ	B00JP7TCDK	987522321	EC TECHNOLOGY? New design Backup External Battery Pack and Charger (Power Bank) with flashlight	Mobile_Electronics	5	0	0	N	N	A Very Good Flashlight & Lightweight Charger	I bought this primarily to be used as a flashlight and it has worked out well over the last five weeks. I've run it for twenty hours continuously before deciding it was starting to dim. The nice thing about LEDs is the light stays white unlike a filament-type bulb. The light from this device is more than adequate when I'm out on a dark night. Then my phone charger replenishes it once it runs down. The flashlight switch does stick up just a little bit so it is possible for it to be inadvertently switched on (push-on/push-off) while in a pocket or pack.<br /><br />For recharging purposes, the battery capacity in this device is small. Although the battery capacity is spec'd at 2600 MaH, you will never get that amount into the device you are charging. The process of up-converting the charger's battery voltage (~3.7 vdc) to the USB standard (5 vdc) and back down to battery voltage (~3.7 vdc) in the device being charged results in some losses. A good budgetary figure is to plan on transferring 70% of the source battery capacity into the device being charged. So if your phone's battery is spec'd at 2500 MaH, you will need at least a 3600MaH battery in your charger to fully charge the phone's battery. This is true for all battery-driven chargers, not just this one. Or you can shop for a charger whose battery capacity is 150% of the device you need to fully charge - it's that simple.	2015-08-31	1441005757	221.251.166.219
US	43493634	R2OC0E4X4RISOB	B011W26BU2	938399424	Bluetooth Speakers, SoundPal Cube F1 5 Watt Bluetooth Speaker Compatible with all Bluetooth Devices	Mobile_Electronics	3	0	3	N	Y	... speaker from another maker and this one was very easy to use but the volume up louder doesn't sound ...	I have another Bluetooth speaker from another maker and this one was very easy to use but the volume  up louder doesn't sound as good as the other one.	2015-08-31	1441008722	206.10.201.4
US	48689977	R2F2BCP1CC8VKZ	B005LF67OC	71624801	BestDealUSA Universal Am-Fm Am Fm Hidden Windshield Antenna Car Radio	Mobile_Electronics	5	0	0	N	Y	Five Stars	X x vc&#34;ccc	2015-08-31	1440960140	194.214.172.100
US	3962209	R174DGBVW0UWAJ	B00W2S9MBG	805170833	"Pioneer 6.2"" Double DIN 2DIN Touchscreen AM/FM DVD MP3 WMA CD Player USB Bluetooth with JDM 170° Rear View Back-up Camera"	Mobile_Electronics	5	0	0	N	Y	Five Stars	Sounds awesome and works great, pioneer coming in clutch.	2015-08-31	1440972436	210.21.226.99
US	26081688	R2074W1A28UUU6	B00XKM57WQ	168739839	Dashboard Camera, SplashETech Mini 0806 Dash Cam *World's Smallest Dashcam W/ Screen* Amba A7LA50 + OV4689, HDR, Full HD 1296P, Car Video Recorder, Dvr Car Camera with GPS Logger + MLC TF Card	Mobile_Electronics	5	9	11	N	N	Everyone should have this	This is my first Dashcam and I love it!  This was much smaller that I thought, but the smaller the better, can't be seen easily by others.  I live in the city, lots of cars, stop lights and traffic.  Though I have not had accident since having installed this, I have reviewed footage and image was super clear for daytime video and better that I expected, very clear night vision.  I can see how this dashcam can come in handy for so many instances that could happen.  It was easy to install, we used a silicone adhesive for that extra security.  I think this dashcam is a good buy and I think everyone should have one these days.  I was able to try this at a discount for my honest review.	2015-08-31	1440977105	217.232.38.249
US	42129235	R3P0BV6H71DE5	B005C0URVU	310895382	KIA to Ipod Iphone A/v Charge Adapter for 2009-2012 Soul Optima Rio Sportage Sorento Sedona	Mobile_Electronics	5	0	0	N	Y	Nice Cord	The cord did it's job and locks into your ipod/phone pretty well. I am able to pull my ipod to me by the cord which is nice.	2015-08-31	1440962589	196.29.33.96
US	36246895	RQ415EM6JPUG1	B00QGFRDWG	610365995	Insten Premium Black Thick Gel Silicon Skin for the Microsoft Zune HD 16, 32	Mobile_Electronics	4	0	0	N	Y	Four Stars	Good product so far, it fits my Zune very well.	2015-08-31	1441030709	221.222.189.227
US	10247168	R1M8PKOFRU2DZ	B00QJL2TF8	547623891	Memorex Personal CD Player System with LCD Display 60-Second Anti Skip and Ear-Buds- Easy-to-open Packaging	Mobile_Electronics	3	0	0	N	Y	Three Stars	Like all portable players, leaves much to be desired. Good for the battery usiness	2015-08-31	1440999083	197.93.57.83
US	45774171	R2RWA9DSTPVRCI	B00E1BRITU	120483649	Pioneer Class FD 4-Channel Bridgeable Amplifier w/1,200 Watts Max Power, Model GM-D8604	Mobile_Electronics	5	2	2	N	Y	Five Stars	it is an excellent product easy to install worth the price	2015-08-31	1440988740	212.63.43.156
US	47448980	R3B3E2E0123J3F	B00MJCDPM2	754171872	Sentey LS-4460 B-Trek S8 Bluetooth Portable Stereo Speaker (Black)	Mobile_Electronics	5	0	0	N	Y	Great sound quality for the price.	I am really enjoying this speaker. I was unsure if it was as good as some of the reviews gave it but I am very pleased with the sound quality and the value.	2015-08-31	1440967407	203.71.43.128
US	39550519	R2WGDZBMIMZ1HK	B00LAG4HN4	536367292	iXCC Element II Lightning Cable 6ft, iPhone Charger, for iPhone 7 6s 6 Plus, SE 5s 5c 5, iPad Air 2 Pro, iPad mini 2 3 4, iPad 4th Gen [Apple MFi Certified](White and Black)	Mobile_Electronics	5	0	0	N	Y	Good, strong, and 6 feet long!	Good, strong, and 6 feet long.	2015-08-31	1441022174	208.169.178.186
US	2476375	R2W7SNCOCHAVOK	B00XHAR9GI	820413549	"Towallmark 7"" HD Car GPS Navigation 4G 128M Touch Screen Multimedia Player Free Map Update"	Mobile_Electronics	5	0	1	N	Y	Great GPS	Big screen is nice once the store contacted me on how to have voice directions	2015-08-31	1441027275	218.228.98.201
US	16801898	R3TKTB8TPDMW12	B00NPMEZOM	57161434	G.G.Martinsen 8GB Slim 1.78'' Screen MP3/MP4 Player Media/Music/Audio Player with Silver color	Mobile_Electronics	5	0	0	N	Y	It was easy to load and seemed really easy to use	I bought this as a gift for a friend.  I loaded a bunch of songs on it before giving it to her.  It was easy to load and seemed really easy to use, too.  User friendly, I guess is the right term.  I have an MP3 player I bought elsewhere but this one looked a lot nicer than mine.  My friend loved her gift.  She thought I spent a lot of money on it but really, the price was very reasonable.	2015-08-31	1441027402	195.172.222.93
US	22190196	R3VUB98IS1VKQC	B000MPMHMW	490935467	Humminbird 7400931 MHX XNT Transom Mounting Hardware Kit	Mobile_Electronics	5	0	0	N	Y	Five Stars	Exactly what I needed	2015-08-31	1440981733	194.11.132.42
US	26192749	R18TG2USOSVOC3	B00EPRT4BA	156331019	Pwr+ Car Charger for Satechi, The OontZ, Angle, Cambridge SoundWorks BT Wireless Bluetooth Portable Speaker System Power Supply Adapter Cord	Mobile_Electronics	1	1	1	N	Y	One Star	Does not fit XL	2015-08-31	1440993376	212.3.84.62
US	52894341	R2EVA14XVX2MH3	B011NH6I18	438033117	USTEK&reg; GPS Sun Shade Glare Shield Sun Visor Screen Protector for Universal Car GPS Applicable for Most Sedans and SUVs	Mobile_Electronics	3	0	0	N	N	Does too little for the price	I'm not sure what the use case is for this device. A build-in, dash-mounted display is generally pretty well shielded from glare by virtue of its location. A GPS on top of the dashboard and closer to the windshield may suffer from glare problems, but this sunshade needs to be taped to the GPS to stay in place. Overall, I would say this is a solution in search of a problem, overpriced for what it actually does.<br /><br />Disclaimer: I received an evaluation unit in exchange for a fair and honest review.	2015-08-31	1441024738	205.144.108.126
US	48501328	R2DWIADFBQ3IYG	B00UG3T8QS	968405497	Willgoo Mini 0806 Ambarella A7 Chip + Ov4689 Sensor, 1296p Car Dash Camera DVR + GPS Logger + CPL Filter + Hardwire Kit	Mobile_Electronics	2	0	0	N	Y	Disappointed.	Purchased two of these based on a wide variety of reviews. The first one failed within a couple of hours of use, and the second one failed today.  The first one was replaced by Amazon and I haven't had a chance to use it much. This second one will simply be returned for a refund. The recording it made were excellent.  But what good does it do to have something that is unreliable?  Too bad.	2015-08-31	1440963864	211.62.20.133
US	41581336	R2J68T8Y2ZWUSP	B008MY1F8W	680240984	INPA K+CAN K+DCAN Car Diagnostic tool Cable OBD USB Interface for BMW R56 E87 E93 E70	Mobile_Electronics	5	0	0	N	Y	Great product	Great product but long shipping.	2015-08-31	1441023333	201.58.116.1
US	27397668	R2VMBHZ9XTC0GQ	B00DWNXTNM	855260173	The Fashion Army Green 3in1 Whistle with Compass & Temperature Display	Mobile_Electronics	2	0	0	N	Y	Two Stars	The compass is not reliable.  I don't really know if it works	2015-08-31	1440969260	215.79.1.183
US	29138846	R23WVQTPI7LGPD	B00SF4YGCG	47320360	Bundle 4 in 1 Essential Home and Car Charger Kit for iPhone 5 5C 5S, iPhone 6 6 Plus, iPad 3 4, iPad Mini, iPod Touch 5/Nano 7, 8 pin to USB -- Includes : 2 X 3ft Lightning Cable, 1 X Car charger, 1 X Wall charger (black)	Mobile_Electronics	2	0	0	N	Y	Save your money!	I was very disappointed! The charger will not charge my phone because it won't keep a charge. It very cheap looking and poor quality. It wasn't worth the money but you get what u pay for so I just went by to the Apple Store.	2015-08-30	1440936646	209.224.60.76
US	16890980	R27GI77VF2P6WF	B00UVCYM7E	240041046	Sporthway® 2.4Ghz 30fps wireless WIFI Camera Transmitter video transmitter for Car Reverse Bakup CCTV Camera , Support iPhone IOS/ Android system phone	Mobile_Electronics	3	2	3	N	Y	"Sometimes gets ""laggy"". It was fron China which seller ..."	Sometimes gets &#34;laggy&#34;. It was fron China which seller didn't indicate. I had lots of other products from China that had quality issues with electronics  overheating, shorting and just under performing. This unit didn't get hot and so far is working as advertised. My only concern because the app is a Chineese developed app, just don't know if the unit-app snoops my device. Have no way of knowing either:	2015-08-30	1440951840	211.98.4.116
US	10583612	R2JTHBK0R10ZW4	B00S6AZAII	332752594	High Quality Wall Travel Home Charger Adapter with 1m (3ft) Lighting Cable for iPhone 5 5s 5c, iPhone 6 6 Plus, iPad 4 Mini, iPad Air, iPod Touch 5/Nano 7 (White)	Mobile_Electronics	1	0	5	N	Y	DO NOT WASTE YOUR MONEY	After plugging in my phone an alert came on saying &#34;this is not a legal device and will not charge your phone&#34;.  Hassle to return it but just beware to anyone thinking of buying it.	2015-08-30	1440924341	213.62.180.33
US	18204093	RRPOCULNRBGQ	B00LAG4HN4	536367292	iXCC Element II Lightning Cable 6ft, iPhone Charger, for iPhone 7 6s 6 Plus, SE 5s 5c 5, iPad Air 2 Pro, iPad mini 2 3 4, iPad 4th Gen [Apple MFi Certified](White and Black)	Mobile_Electronics	5	0	0	N	Y	made with excellent materials at the joints between the cable and plug-in	Apple makes their charging products with inferior quality to profit off of loyal customers when they are forced to repurchase. Save your money here, these are exactly what I was looking for, made with excellent materials at the joints between the cable and plug-in. Well worth it, added length and color options are a plus.	2015-08-30	1440923074	204.143.108.159
US	1792911	R1L23IFB85ESH6	B00RDCMYCU	902385260	Bluetooth Shower Speaker – SoundPal Water Resistant Wireless and Hands-free Speaker with Suction Cup - Compatible with All Bluetooth Devices	Mobile_Electronics	2	0	0	N	Y	Just use your phone speakers.	This thing doesn't stick to the wall. It takes forever to connect to my phone, but forget trying to have two different people using two different phones intermittently. Frankly, the sound quality isn't great either and my phone has better speaker and sound quality.	2015-08-30	1440894440	213.121.15.91
US	42865544	R802NI63NKL9V	B00EDYTN8E	951846316	Retevis RT-5R 2 Way Radio 5W 128CH UHF/VHF 136-174/400-520 MHz Dual Band Dual Standby DTMF/CTCSS/DCS FM Ham Radio (2 Pack)	Mobile_Electronics	5	2	2	N	Y	They look great and came on time though	A gift so I cannot give much information about them. They look great and came on time though.	2015-08-30	1440932005	217.219.180.150
US	19658274	RAZX9ZCFPGCKO	B00S7KOA56	96219805	Car Alarm 2015 New 5.0 Inch Touch Android GPS Wifi Rearview Mirror Fm G-sensor FHD 1080p Rearview Mirror Dash Cam Car DVR Dual Camera GPS	Mobile_Electronics	5	0	1	N	Y	Five Stars	Love love love loved it	2015-08-30	1440930207	206.127.143.110
US	34323478	R4OJIBI7DBHQY	B00BHZU9PS	5756570	Jensen JiSS-120i Portable Docking CD Music System for iPod and iPhone	Mobile_Electronics	5	1	1	N	Y	Very pleased!	the unit fully met my expectations. Delivery was prompt.	2015-08-30	1440930769	217.36.30.133
US	2572900	R4JILH6CA3ZWE	B00CNIE31E	364962400	Wisedeal Car Vehicle Blackbox DVR Camera Recorder Full HD 1080P 2.7 Inch TFT Screen With Wide Angle 140 Degree（Black)	Mobile_Electronics	1	0	0	N	Y	I feel that the DVR is working good but the battery inside is not good as short ...	I feel that the DVR is working good but the battery inside is not good as short time, I bought this DVR and used only in 2 two days the battery dead.<br />and the cover out side has been coming out of the DVR. please make it better to get your market!!!	2015-08-30	1440936814	206.158.151.9
US	12256390	R35NN211X0RGH9	B00SF1SB0W	313110035	ACE DEAL MN03-8G Slim Mp3 Mp4 Player with 8GB LCD Screen,mp3,mp4 music media movie player in Blue Color	Mobile_Electronics	3	0	0	N	Y	it sounds good. It is very very difficult to maneuver the ...	Stores a lot of music, it sounds good. It is very very difficult to maneuver the menus, not intuitive and the instructions are too minimal. It seems like all the features work, but being able to use them is a lot of work.	2015-08-30	1440881417	215.22.20.94
US	9094748	RBKUGHHNXVYG0	B00ZJAAM72	346689759	Best Apple Watch Charging Stand for 38mm and 42mm from ZIVACHI, Highest Quality, Lightweight and Portable, for Home and Office, Non Slip Surface and Bottom. Protection from Scratching. (Black)	Mobile_Electronics	5	0	0	N	Y	Five Stars	satisfied	2015-08-30	1440878553	195.128.75.168
US	15532751	RHK9SLC4KVI7E	B00MWGREM2	599198627	0 Gauge Amp Kit Amplifier Install Wiring 1/0 Ga Power Installation Cables 4000W	Mobile_Electronics	5	0	0	N	Y	Five Stars	Easy to use	2015-08-30	1440873724	192.203.123.12
US	47952503	R1T578QAZDASOQ	B00FL1TDOC	998606036	iDeaUSA High-Speed HDMI Cable Gold Plated 9 Feet & 3 Feet HDMI Cable Pack with Mini HDMI Adapter ¡­	Mobile_Electronics	3	0	0	N	Y	Looks good but only works ok.	The speaker looks nice and was easy to set up. However, the description states it can be up to 30 ft away from your bluetooth device and it's really only about 10 ft or it constantly loses connection.	2015-08-30	1440953072	222.204.167.2
US	43355838	R2O0LZSPMME6US	B00MXET7NC	651107618	BaoFeng M-1 Commercial Holster for UV-82 : Custom Leather, Vinyl, Stainless Steel Case	Mobile_Electronics	5	0	0	N	Y	Five Stars	Very good. good  seller	2015-08-30	1440956852	197.222.50.208
US	2079819	R1HZRM3VPO0TFQ	B00B0XK58I	26504908	HDE Music Angel Rechargeable Mini Party Travel Speaker with Micro SD Slot (Hot Pink)	Mobile_Electronics	1	0	0	N	Y	One Star	EXCELENTE PRODUCTO	2015-08-30	1440896710	201.251.221.252
US	48001426	R174E63UVEWXYD	B00XR8A9P8	919514230	Aizbo Music Audio MP3 Interface MDI MMI AMI to USB Cable Data Sync Charging Adapter For AUDI A3/A4/A5/A6/A8/S4/S6/S8/Q5/Q7/R8/TT & VW Jetta/GTI/GLI/Passat/CC/Tiguan/Touareg/EOS	Mobile_Electronics	3	0	0	N	Y	Three Stars	ok	2015-08-30	1440906451	212.100.177.189
US	47454014	R1URGQG52JBIKA	B00ZI2OUPQ	576246180	"Waterproof Case, E LV Universal Waterproof Case For Apple 6 Plus, 6, 5S, 5, 4S, Galaxy Note 5, 4, 3, 2, Galaxy S6 Edge, S6, S5, S4 S3, HTC One, iPod touch, MP3 Player and many more (Fits other Smartphones up to 6.0"" diagonal) - IPX8 Certified to 100 Feet (6 INCH HOT PINK)"	Mobile_Electronics	5	0	0	N	Y	Five Stars	Awesome product	2015-08-30	1440890183	199.246.78.176
US	25032689	R3GGP4OW20EAGY	B00YQ6VBD4	109339425	Transcend TS16GDP200M 32GB Drive Pro 200 Car Video Recorder with Suction Mount + Bonus 16GB SD Card + Exclusive P7 Cleaning Cloth	Mobile_Electronics	5	0	0	N	Y	Five Stars	Good Dashcam; gives nice clear video	2015-08-30	1440945192	197.184.248.80
US	49648764	R1OLWVLQX55BH0	B00R9CNAGS	29971074	Szstudio BMW 1SERIES 3SERIES 5SERIES 6SERIES 7SERIES 8SERIES E46 E90 E39 E60 E38 E53 X1 X3 X5 X6 Z3 Z4 Z8 MINI COOPER Rear View Back up Camera Hd CCA Lens Night Vision Parking Lines Water Proof 170 Degree Vision Comes with Long Extension Cord	Mobile_Electronics	5	0	0	N	Y	Five Stars	Nice	2015-08-30	1440931129	223.36.57.34
US	9485656	R18MK5UOS41XJN	B00J3ZP634	480920601	Beats by Dre Pill 2.0 Red/Black Bundle | Red Speaker w/Black Pill Dude	Mobile_Electronics	3	0	0	N	Y	Three Stars	Sounds great but still over priced	2015-08-30	1440932934	214.29.3.52
US	24055001	R2K2WK38XR5FKZ	B00QERR5CY	82850235	iXCC Multi pack Lightning cable	Mobile_Electronics	1	0	0	N	Y	One Star	Two failed	2015-08-30	1440930490	222.131.248.7
US	5410422	R1LER8UFIWBNPU	B00J3ZP634	480920601	Beats by Dre Pill 2.0 Red/Black Bundle | Red Speaker w/Black Pill Dude	Mobile_Electronics	4	0	0	N	Y	Four Stars	Works great! Loud. Very impressed	2015-08-30	1440923427	205.116.15.208
US	20891093	R3FBUNWANUJRTU	B011W26BU2	938399424	Bluetooth Speakers, SoundPal Cube F1 5 Watt Bluetooth Speaker Compatible with all Bluetooth Devices	Mobile_Electronics	5	2	2	N	Y	Five Stars	Is everything I expected and then some	2015-08-30	1440875889	201.107.148.175
US	43106426	R1BXBS5B1UDJGO	B00YNMXBDE	279321312	All Power Supply RD2824 2800 Watt- 24V Inverter - 80 Amp PFC Charger	Mobile_Electronics	4	0	0	N	Y	SOLAR INVERTER	UNIT WORKS SIMILAR TO ONE IT IS REPLACING. THIS UNIT ONLY APPEARS TO HAVE A 100 WATT OUTUT. I CHECKED WITH MANUFACTURER THEY THOUGHT IT COULD BE MY VOLTMETER. ALL MY APPLIANCES WORK. THERE IS A HUM COMING FROM THIS UNIT AS WELL AS THE PREVIOUS ONE I HAD.	2015-08-30	1440916081	210.68.176.97
US	12061025	RGAH8RF1K8QUI	B0047SK8GM	243255168	Cassette Tape Adapter For Apple Ipod Mini-3.5mm	Mobile_Electronics	5	0	0	N	Y	Five Stars	surprised it STILL works	2015-08-30	1440931265	210.201.132.128
US	43301254	R3MKQZAD0IAFFP	B007UXNHNM	923851403	eForCityLeather Case for Barnes and Noble Nook Simple Touch with GlowLight , Black	Mobile_Electronics	5	0	0	N	Y	My dad liked this case - it actually FIT the Nook.	My dad did like this case for his Nook I bought him.	2015-08-30	1440958187	222.149.52.44
US	40963441	R2JK5Y8D5MXAGP	B00SU7B0JK	82850235	iXCC Multi pack Lightning cable	Mobile_Electronics	1	5	121	N	Y	Buyer Beware - Cables Stop Working in just a couple DAYS!!!	I've bought a lot of products on Amazon...like we purchase several times a week.  In most cases, we get what we expect.  I was skeptical in purchasing these and saw mixed reviews, but these guys claim to be &#34;Apple MFI Certified&#34; and are &#34;genuine&#34;.  Well...BUYER BEWARE!<br /><br />I purchases these in early July, one for each vehicle so we can keep our phones charged.  I bought them when I did because we were going to take a family trip and I wanted to have something in the car to keep devices charged on the go.  I received these two days before we left, but really didn't get to use them until the trip.  Then, just two days in to the trip, the pins on both sides turned black and the cable STOPPED working.  I'm not sure if I did something wrong, but other cables I've used in the same way (especially the one that came with my iPhone 5c) have worked WITHOUT ISSUE.  Needless to say, just two days in to our trip and we are down a cable, I was more than a bit peeved.<br /><br />If you purchase these from this seller, it is at your own risk and will be a complete gamble.  I highly recommend to keep looking and steer clear of these guys.  The worst part now, is that I have passed the one month window to return these because once back from my trip, I've had to deal with some work emergencies.  So I've basically just wasted my hard earned money on garbage, with no more option for refund.	2015-08-30	1440883688	209.217.141.7
US	40085728	R2SAHVFOHVRMS8	B00MFM89XQ	686355048	Lumsing&reg; Portable Wireless Bluetooth Speaker with NFC Built-in Microphone, Powerful Sound Rechargeable Battery up to 1 Day Playtime	Mobile_Electronics	1	0	0	N	N	Do not buy!	Poor quality and low sound output for its size.  A real disappointment.	2015-08-30	1440881436	211.159.9.59
US	25226778	RIXC8QXB2OESY	B00NPPS86A	741219077	Apple iPad Air Case,Hot sale For iPad Air Smart Case Cover,SmartShell Case for Apple iPad Air	Mobile_Electronics	5	0	0	N	Y	fits very well and feels very secure in this case and I love the idea of having my hands free	I bought this Mount Holder for my iPad for the trip to Orlando and to stop holding my iPad with my hands all the time. The iPad Air, what I have, fits very well and feels very secure in this case and I love the idea of having my hands free, the material feels very resistant and keep it in the car that way I don't forget to pack it for any long ride or trip	2015-08-30	1440920485	207.93.169.63
US	16010470	R2EYF5O4W313NW	B00J46XO9U	744008282	iXCC Lightning Cable 3ft, iPhone charger, for iPhone X, 8, 8 Plus, 7, 7 Plus, 6s, 6s Plus, 6, 6 Plus, SE 5s 5c 5, iPad Air 2 Pro, iPad mini 2 3 4, iPad 4th Gen [Apple MFi Certified](Black and White)	Mobile_Electronics	4	0	0	N	Y	Four Stars	Very good quality. So far so good.	2015-08-30	1440879186	208.252.65.110
US	11833191	R3KOQ03SYO1FM2	B00XXOMOT0	917976603	LAAGIE BMW & MINI Cooper Y cable iPod iPhone 5 5S 5C iPad Lightning Cable cord to USB & 3.5mm AUX Cable adapter Lead Wire BMW MINI Cooper 3.5mm USB Interface Adapter Cable For Iphone 5 6 6plus Ipod Ipad USB AUX Interface Adapter Cable Lighting For BMW Series MINI For APPLE IPHONE 6,IPHONE 6 PLUS,iPHONE 5 5S 5C Ipod Ipad	Mobile_Electronics	1	0	0	N	Y	The worst quality. I only used it twice and its ...	The worst quality. I only used it twice and its already done. Won't transmit the sound. I'm so mad... I keep my things nice and I'm careful with my my gadgets. I wasn't expecting it to preform so poorly... Very dissatisfied...	2015-08-30	1440923575	212.75.209.14
US	27149573	RP9SQJGGAJR7E	B00PHBV038	390405758	Bluetooth Transmitter and Receiver, Disnix BTT009 Bluetooth Wireless Transmitter and Receiver 2 in 1 Adapter, with 3.5mm Audio Jack For TV, Desktop, Laptop, Tablet, MP3 / MP4 Player, CD and DVD Players, Portable Speakers, Headphones, Home stereo, Car Music Sound Systems and more other 3.5mm Audio Devices-Black	Mobile_Electronics	4	0	0	N	Y	Good buy	good, I converted my idle speakers into bluetooth speakers where I can play songs from my phone.	2015-08-30	1440942670	214.187.253.62
US	15537118	R2TMCO418IRILU	B00O0CLSQE	414933343	The Highest Quality Portable AM/FM Radio BLACK	Mobile_Electronics	4	0	1	N	Y	It was listed as having a remote-antenna jack, which ...	It was listed as having a remote-antenna jack, which it does not have. Otherwise, works well, with limited, indoor A/M reception.	2015-08-30	1440949563	211.82.206.127
US	12086691	R2SXHHN0P24XX2	B00TDAY5ZE	178040687	IBELL 2Pcs of Baofeng BF-888s Two Way Radio Compatible Intercom with FRS/GMRS Motorola Uniden Midland etc Walkie Talkies	Mobile_Electronics	4	2	2	N	Y	Thwy work great especially for the price	Thwy work great especially for the price. I mainly got these to use as an alternative for a baby monitor because of the vox setting. Thought was i could go around the house, the garage, the yard.  And still hear the little one. But the vox gain is not sensitive enough to hear her until she is really mad. Even after buying the cable and adjusting the vox gain to the max. So it didn't work for that.  But camping, sending them with the kids while there playing, and letting the kids just play with them. I got my money out of them.	2015-08-30	1440902702	209.170.32.153
US	46061275	R1K87KXBZ5FJBE	B001UIVV72	124900031	iPod USB Travel Home Charger For Nano, Shuffle, 4G, Mini, Photo and U2	Mobile_Electronics	1	0	0	N	Y	One Star	Sorry to say this did not charge our i-pods at all. Darn.	2015-08-30	1440950344	205.72.7.91
US	43118374	R2H1V2O1SVWULZ	B00X8M0Y3K	686135744	Sony CFDS05/CF CD Radio Cassette Recorder Boombox Speaker System (Certified Refurbished)	Mobile_Electronics	4	2	2	N	Y	it came packed very well in two boxes. The ...	it came packed very well in two boxes. The radio looks new, but it is missing the antenna, I can use the one from my old radio. But it still works great	2015-08-30	1440887762	210.126.193.217
US	44239442	R3KWJ45TNIR8O5	B00UJ9X004	247948238	"Esky Car Backup License Plate CMOS Wide Angle Camera with 7 LED Night Vision + 4.3"" TFT LCD Portable Adjustable Rear View Monitor Screen"	Mobile_Electronics	5	1	1	N	Y	Five Stars	Very good unit put it in my wifes 2014 jeep , she loves it.	2015-08-30	1440944621	199.2.189.17
US	1244351	RHD4B4FI8ZOX0	B00UYRZIJ2	518986196	iphone 6 cable	Mobile_Electronics	5	0	0	N	Y	Five Stars	very good	2015-08-30	1440882672	223.103.140.42
US	25226778	R1D3AHJ7NNDRJB	B009NW0934	226757218	HDE Music Angel Rechargeable Portable Mini Party Travel Speaker with Micro SD Slot (Black)	Mobile_Electronics	5	0	0	N	Y	she was looking for something small but at the same time with a good volume she is happy with it and I am ...	This Portable speaker was for a christmas present for my mom, she was looking for something small but at the same time with a good volume she is happy with it and I am happy too!	2015-08-30	1440890258	218.181.170.220
US	3056784	R21D3M96JTK6SK	B0055BJB36	629132558	"RAM Mount 2-1/2"" Diameter Base w/1.5"" Ball"	Mobile_Electronics	5	0	0	N	Y	This mount was a replacement for a previous RAM mount ...	This mount was a replacement for a previous RAM mount that broke. It fits and functions just as expected - very well !!	2015-08-30	1440910812	219.5.237.248
US	11363046	R1F8M0B5J1XM4Y	B007XO5MZO	54827526	Generic Penguin Silicone Case Cover Protector and Nc Capacitive Stylus Pen for Apple Ipod 4 Touch, Purple	Mobile_Electronics	5	0	0	N	Y	Five Stars	my daughter loves this case	2015-08-30	1440928239	212.147.254.2
US	14970541	R12LYV1UT0I45R	B00WR0GAUK	383987857	"Campark 4.3"" HD 1920x1080P Car Rear View Mirror Camera DVR Dual Lens Back up G-Sensor"	Mobile_Electronics	4	1	1	N	Y	Decent Mirror at a Reasonable Price	This rear view mirror is very decent for its price.  The video is clear and the mirror is fairly easy to install.  It has lots of features such as long battery life, motion sensor video mode, gps hook up (if you have your own) and plenty of options.  There are some issues though: (1) if you already have a large rear view mirror the placement of the camera lens may not allow you to position it correctly in your case; (2) the power cord is a bit shorter than other mirror cams that I own - barely reaches around the edges of my 07 Equinox; (3) basically no manual - and any English is a bit difficult to get - requires about 30 minutes of hunting and pecking through the menu and you will find it has lots of features;  (4) the screen is brighter than most but the coating on the reflective surface is a slightly different color than the screen really take some getting used if you look into your mirrors often; (5) has a super bright LED that blinks every other second.  During the night it lightens up my whole SUV - I put a sticker over it now it seems.  I have hooked up the included rear view cam, but looks pretty standard.  Overall though I am pretty pleased with this mirror and recommend that everyone have one if for nothing else other than an insurance policy.	2015-08-30	1440901878	204.235.219.228
US	6356913	RVQAD1KFHCUM	B00W00SH62	654171419	Ownmax NFC Waterproof 10w Wireless Sports Stereo Power Bank Bluetooth 4.0 Speaker for Iphone Samsung	Mobile_Electronics	1	0	0	N	Y	Dont buy not worth it. This is a fake	It made a loud train sound and I couldn't turn off, I tried everything. Also there's nowhere on the device to power my phone. This is a fake	2015-08-30	1440887397	209.42.32.229
US	15909878	RVL6X6XTAV2OC	B00M49C6MK	91176851	Sentey Ls 4162	Mobile_Electronics	5	0	0	N	Y	Five Stars	Thanks	2015-08-30	1440932016	197.119.41.98
US	21884750	R316YOL72KM8MN	B00JSX5XDO	998171686	100% Waterproof Apple Ipod Shuffle with Waterproof Headphones - Superior Swimming Mp3 Player (Newest Generation) (PURPLE)	Mobile_Electronics	5	0	0	N	Y	This iPod works great! I use it to swim laps and so ...	This iPod works great!  I use it to swim laps and so far very happy with it!!!!	2015-08-30	1440951184	210.215.79.86
US	5766270	RNAFMG7E8AV98	B00U05MVPM	371469224	Lethal-Eye NPT Adapter 4003 Oil Filter Thread	Mobile_Electronics	5	1	2	N	Y	Five Stars	Works great	2015-08-30	1440949805	198.58.240.25
US	24644096	R28KK80NQ1OWX7	B00WPQBJFW	651624072	Fantac Vehicle traveling data cameras recorder 3-in-1 Car DVR + Rearview Mirror Recorder HD 720p 2.4LTPS-LCD 90 degrees A+ High resolution ultra wide Angle lens 5 million pixels	Mobile_Electronics	4	0	0	N	Y	Pretty good (except sound quality)	Works pretty nicely, but the sound quality is between fair and poor.	2015-08-29	1440826509	200.156.192.202
US	46193396	R8P7Q3NE3Y83S	B00QERR5CY	82850235	iXCC Multi pack Lightning cable	Mobile_Electronics	3	0	0	N	Y	Three Stars	One dead on arrival, one working as intended.	2015-08-29	1440857306	206.64.234.245
US	45150942	R22AAC9RY7XMWF	B00AOGW0NU	668449823	Dual Xdm6351 Am/fm/cd/mp3/wma Car Audio Receiver With Usb & Aux	Mobile_Electronics	5	0	0	N	Y	Five Stars	Works great, easy to install.	2015-08-29	1440794936	195.217.16.164
US	25289305	R2EHRZV0160XIG	B00MWGREM2	599198627	0 Gauge Amp Kit Amplifier Install Wiring 1/0 Ga Power Installation Cables 4000W	Mobile_Electronics	5	0	0	N	Y	cable is pretty thick handles power well and has a nice thick ...	seems legit.cable is pretty thick handles power well and has a nice thick tuff jacket	2015-08-29	1440829604	202.136.156.14
US	50828061	R5F0MONILUKRP	B00J46XO9U	744008282	iXCC Lightning Cable 3ft, iPhone charger, for iPhone X, 8, 8 Plus, 7, 7 Plus, 6s, 6s Plus, 6, 6 Plus, SE 5s 5c 5, iPad Air 2 Pro, iPad mini 2 3 4, iPad 4th Gen [Apple MFi Certified](Black and White)	Mobile_Electronics	5	0	0	N	Y	Five Stars	Good product and good seller	2015-08-29	1440818441	204.183.219.236
US	23166943	R2GKI73OC3N63O	B00OMSIXA0	110214184	E-PRANCE New Arrival B47fs Super Hd 1296p	Mobile_Electronics	1	0	0	N	Y	Just crap!	Had to have the original purchase replaced and then had to send the replacement replaced as the batteries will not charge/hold a charge. Don't waste your time.	2015-08-29	1440808775	219.0.39.77
US	35081969	R3DK2D6EHJDM02	B00F2GMUPU	755394802	E-PRANCE® Mini 0801 Car DVR Dash Camera Ambarella A2S60 Chip 5M pixel CMOS + GPS Logger + High Resolution Full HD 1080P 30 FPS + G-sensor + License Plate + 135 Degree Wide Angle View	Mobile_Electronics	5	0	0	N	Y	Five Stars	Excellent	2015-08-29	1440857197	200.8.75.61
US	24069312	RBSGTH9P3YLXJ	B010FIVM0I	67184271	"GJT®2.7"" Full HD 1080P DV Car Camera K6000 DVR Camcorder Video Recorder with Night Vision"	Mobile_Electronics	1	0	1	N	Y	... because I have seen a new product with a great review. I have paid $160 for similar looking ...	I have purchased it because I have seen a new product with a great review. I have paid $160 for similar looking camera for my wifes car which works great, so after seeing similar nice looking product with a great price I decided to try it. First it was working ok for a couple of days and was taking good quality hd video, then started turning off by itself. Sending back	2015-08-29	1440812527	209.51.179.138
US	14537061	R3OLUK314SVUJX	B00LAG4HN4	536367292	iXCC Element II Lightning Cable 6ft, iPhone Charger, for iPhone 7 6s 6 Plus, SE 5s 5c 5, iPad Air 2 Pro, iPad mini 2 3 4, iPad 4th Gen [Apple MFi Certified](White and Black)	Mobile_Electronics	5	0	0	N	Y	Certified and lasted long enough.	My iPhone recognized this cable and never told me it was not supported. It didn't overheat my phone and it charged it in a very reasonable pace. I have had it for 4 and a half months and it just last week when the white one started to damage but that happens with almost all iPhone chargers even the one that comes with the device. The black one still alright. I'm going to place another order now.	2015-08-29	1440815325	193.99.36.168
US	52131552	R18ZX5SMSC1R1Z	B00NH9EGFQ	29544460	Naxa NPC-319 Slim Personal Compact Disc Player with Stereo Earphones, CD & CD-R Compatible, 2 Way Power, Programmable Track Memory, LCD Display, Blue	Mobile_Electronics	3	5	5	N	Y	Three Stars	Quality ok but not great but price is good. Battery operated--no adaptor came with this player.	2015-08-29	1440863209	203.64.138.125
US	9881235	R1ZB72DG09LAHS	B009CRMABY	71624801	ZHOL® NEW Am-fm Hidden Windshield Antenna Car Radio Truck	Mobile_Electronics	2	0	0	N	Y	which seem to work better.	Has weak reception using jvc head unit. I have this on another car using sony head unit, which seem to work better.	2015-08-29	1440844017	197.65.93.122
US	131440	R17Q4M70WS5DLS	B00SY4FSG0	605156708	1byone 9.6A / 48W 4-Port USB Car Charger, Safety Protection for Apple and Android Devices, Red & Black	Mobile_Electronics	5	0	0	N	Y	Five Stars	Excelente producto	2015-08-29	1440852558	217.8.187.240
US	15598455	R2P3L6TOU3J55O	B009S4H5AM	194946816	link live Car Battery Eliminator for BAOFENG UV-5R Dual Band Radio	Mobile_Electronics	4	0	0	N	Y	Four Stars	Product received as advertised	2015-08-29	1440853398	202.122.109.140
US	37813397	RMHGOMLW9JORB	B00OYVKVT6	637502309	Pioneer AVH-X6700DVD	Mobile_Electronics	3	7	9	N	Y	Good looking unit. Apps are sub par	Good looking unit. Sounds great. Easy install. Apps are run from phone and are all junk Imo. Be sure to buy the bypass if you arent hooking up the controll harness or it wont let you play any video if it cant tell you are in park. Still a very nice radio.	2015-08-29	1440792607	202.108.228.161
US	2997654	RIPOKQX5CN9FX	B00M2OF43U	836087250	2pcs New Mini C-dvr Video/audio Recorder Monitor Detection for Cctv Camera	Mobile_Electronics	1	0	0	N	N	Its not two pieces buy only two channels	Its not two pieces buy only two channels you only get one despite the description saying the opposite	2015-08-29	1440866839	203.228.111.51
US	41861544	R2H2BYBNRE03O8	B00XOJHHWI	722871481	"HOTT® MU1036 1.8"" TFT Bluetooth MP3 MP4 Player 8GB Built in FM Radio Voice Record support TF card Sports MP3 player high quality lossless support radio recorder Color Red"	Mobile_Electronics	2	0	0	N	Y	Not so good	It is what it is. Pretty cheap player. I wouldn't recommend it. It was inexpensive though.	2015-08-29	1440790282	204.86.144.68
US	28454959	R2YVX2732SGXKJ	B00U7XE03I	947869361	Cambridge SoundWorks OontZ Angle 2 [The PLUS Edition] Ultra Portable Wireless Bluetooth Speaker with Built in Mic up to 15 Hour Playtime works with iPhone iPad tablet Samsung and smart phones (RED)	Mobile_Electronics	5	0	0	N	Y	I absolutely love this darn thing	I absolutely love this darn thing.  I looks great, it sounds great and it has an amazing battery life.	2015-08-29	1440829659	193.235.229.254
US	31469925	R2FWM0FFV79Z6V	B007VHSNAE	436497139	Insten® Green Flap Cover-up Wallet Leather Case with FREE Reusable Clear LCD Screen Protector Film Guard Compatible with Barnes & Noble NOOK Simple Touch with GlowLight	Mobile_Electronics	5	0	0	N	Y	Perfect!	Perfect case! Love it	2015-08-29	1440848662	219.136.107.163
US	49549198	RI4W4MRE8NCHN	B00TQYCU0Y	328706129	Garmin nüvi 65LM 6-Inch GPS Navigators System with Spoken Turn-By-Turn Directions, Preloaded Maps and Speed Limit Displays - Lower 49 U.S. States (Certified Refurbished)	Mobile_Electronics	5	0	0	N	Y	Five Stars	Like the bigger screen.	2015-08-29	1440801890	207.82.36.54
US	15507336	RH9OFI5KUZDJ8	B011NH6I18	438033117	USTEK&reg; GPS Sun Shade Glare Shield Sun Visor Screen Protector for Universal Car GPS Applicable for Most Sedans and SUVs	Mobile_Electronics	5	4	4	N	N	Simple but effective.	[[VIDEOID:abde57fdd35925f99d6c2e46f2fdb21b]] See my video for my thoughts and opinions here.<br /><br />I had to find a car in which I could use this item...it worked rather well and was very easy to use. It slides into place VERY firmly as you will see in the video. Seems to snug up well when inserted and really doesn't look too bad when installed.<br /><br />Plenty of adjustability and easy to remove quickly if needed. Such a simple design not much else to say...hope the video helps.<br /><br />Review sample provided free or at a discounted price for a fair, unbiased, and honest review.	2015-08-29	1440822736	197.91.0.134
US	15598455	R1NYCM7RDHSQ4S	B004X84B5K	430940491	MIRROR MOUNT 3 way Aluminum with Stud for CB / Ham Radio Antenna Bracket - Workman RV1	Mobile_Electronics	4	0	0	N	Y	Four Stars	Product received as advertised	2015-08-29	1440838797	198.139.214.130
US	11869862	R1L9T6O2ISEKHI	B007WOKBRY	987522321	EC TECHNOLOGY? New design Backup External Battery Pack and Charger (Power Bank) with flashlight	Mobile_Electronics	3	0	0	N	Y	Three Stars	It culd be better, but it is seems to be not well finished	2015-08-29	1440869422	196.60.221.43
US	42865010	R3VH9560WYL5ND	B00ANEOGDU	497442301	HHI TuchiFlip5 Case for iPod Touch 5th Generation - Black	Mobile_Electronics	2	0	0	N	Y	l pod case works OK	Not real handy to open	2015-08-29	1440796768	209.244.144.248
US	1828023	R2WBTGGZVP2RAL	B00L4CZEIQ	965492051	BOSS CXXD5000 Boss Class D Monoblock Amplifier 5000W Max	Mobile_Electronics	5	0	0	N	Y	Great product	Bumps and holds my 15 &#34; Memphis mojo had it now for a few months and still holding strong.	2015-08-29	1440837631	217.229.133.246
US	52529723	R8IL7462X27YZ	B010P73G76	995824709	Phtronics 2015 Latest Version 8GB & 70 Hours Playback MP3 Lossless Sound Music Player (Supports up to 64GB), Color Black	Mobile_Electronics	5	0	1	N	Y	good purchase	good purchase	2015-08-29	1440845548	219.13.80.231
US	3360607	RXK4UG5UU3AUR	B00NPSK7D4	294603934	Rosewill R-Studio MINI RUBIC-BK Bluetooth Portable Speaker, with NFC and Handsfree Mic	Mobile_Electronics	5	0	0	N	Y	So good.	Unbelievably clear sound and great bass from a speaker that weighs less than a pound.	2015-08-29	1440822628	199.231.35.139
US	17559184	R1TBNGCCXGO3MC	B00J46XO9U	744008282	iXCC Lightning Cable 3ft, iPhone charger, for iPhone X, 8, 8 Plus, 7, 7 Plus, 6s, 6s Plus, 6, 6 Plus, SE 5s 5c 5, iPad Air 2 Pro, iPad mini 2 3 4, iPad 4th Gen [Apple MFi Certified](Black and White)	Mobile_Electronics	5	0	0	N	Y	Five Stars	Great product!	2015-08-29	1440802200	201.103.165.25
US	16045037	RDJWALY450ZFW	B00BXVOJPM	987170169	Tenq® New Highest Version Baofeng Uv-5re Plus Dual Band Vhf/uhf 136-174mhz&400-520mhz Walkie Talkie	Mobile_Electronics	5	0	0	N	Y	Five Stars	good price and product.	2015-08-29	1440855000	211.236.137.51
US	28997083	R1DA7Q9CEDRI23	B007Q94CJS	648561531	10 Pcs UF90B Clip-on Ferrite Ring Core Black for 9mm Diameter Cable	Mobile_Electronics	4	0	0	N	Y	Good value	good value	2015-08-29	1440788815	221.33.43.119
US	10425749	R3TS1CJXSSIDVE	B0092C0U02	915997256	Tenq® 3in1 Multi-function Universal Pouch Bag Holster Case for GPS Pmr446 Motorola Kenwood Midland Icom Yaesu Two Way Radio Transceiver Walkie Talkie 20b	Mobile_Electronics	5	0	0	N	Y	Five Stars	Works great. ..still using it everyday a year and a half later.	2015-08-29	1440858162	195.99.169.197
US	20865748	R2GAR6BGXOTFY1	B00MJCDPM2	754171872	Sentey LS-4460 B-Trek S8 Bluetooth Portable Stereo Speaker (Black)	Mobile_Electronics	5	0	0	N	Y	So good I bought a second one!	I liked it so much I bought a second one. The sound is great and it is easy to use.	2015-08-29	1440862175	207.100.150.85
US	49242514	R3KHSTPN35XIKP	B00VHWO68W	227640588	easybuyus 6pcs Farad Capacitor 2.7V100F 22*45mm Super Capacitor NEW	Mobile_Electronics	5	0	0	N	Y	Cheap way to improve marginal starting systems.	Very little capacity spread, but some self discharge. Using them to augment a marginal starting system on my 1975 Mercer boat. They dropped the starter response time from 500 mS to less than  250. Perfect!	2015-08-29	1440845214	211.4.11.9
US	13007309	R2GLAN4K93R537	B00CJZLHN8	869734493	Apple Ipod Nano 7th Generation, 16GB, Silver	Mobile_Electronics	1	0	0	N	Y	Doesn't work!	IPod nano doesn't work even after trying to charge several times with different USB cables. Returning product!	2015-08-29	1440864462	221.24.54.178
US	2346214	R20KHDRKIU22ZH	B00OY4MZI8	748175450	"PIONEER TS-G6845R 6"" x 8"" 250-Watt 2-Way G-Series Speakers"	Mobile_Electronics	5	0	0	N	Y	Excellent investment	definitely notice the difference so does everybody else great buy perfect price excellent investment	2015-08-29	1440826415	201.134.48.12
US	30059074	R2YH2439HLA5J4	B000ZTEGX8	382770454	iArmBands iPod ArmBand / Arm Band for Video iPod & Classic	Mobile_Electronics	4	0	0	N	Y	Four Stars	Ok	2015-08-29	1440791891	194.147.29.220
US	31976175	R3O7LAC6MJB7B	B00I6DLIB8	313520251	MSI GTX 750 TI 2GB DDR5 OC 128Bit DVI-D/D-SUB/HDMI N750TI TF 2GD5/OC	Mobile_Electronics	5	1	2	N	Y	Amazing for every game exempt gta5 because it's not well ...	Amazing for every game exempt gta5 because it's not well optimized but this can stream every game you want at high settings 40-50fps	2015-08-29	1440793465	204.37.73.99
US	18007103	R1BUYT6R7LOKFU	B010P73G76	995824709	Phtronics 2015 Latest Version 8GB & 70 Hours Playback MP3 Lossless Sound Music Player (Supports up to 64GB), Color Black	Mobile_Electronics	2	1	3	N	Y	It doesn't work with new technology by just touching like an IPAD	Very flimsy. It doesn't work with new technology by just touching like an IPAD. You have to remember which one is the back button to go from example: Video to Music.	2015-08-29	1440855118	211.5.184.38
US	10415884	RQJISYEXZ6OHY	B00KHUIS7U	470323272	Discount Keyless Replacement 4 Button Case and Glow in the Dark Button Pad Compatible with Nissan and Infiniti Remotes KBRASTU15	Mobile_Electronics	5	0	0	N	Y	Five Stars	great	2015-08-29	1440861715	216.118.132.87
US	41558694	R185IGK3SX8JC1	B00J46XO9U	744008282	iXCC Lightning Cable 3ft, iPhone charger, for iPhone X, 8, 8 Plus, 7, 7 Plus, 6s, 6s Plus, 6, 6 Plus, SE 5s 5c 5, iPad Air 2 Pro, iPad mini 2 3 4, iPad 4th Gen [Apple MFi Certified](Black and White)	Mobile_Electronics	4	0	0	N	Y	they work	They charge my wife's phone	2015-08-29	1440789911	215.84.126.52
US	45926870	R19YGU50OR1ZPK	B00O4D5GPS	844349050	Sony ICFCS15IP 30-Pin iPod/iPhone Speaker Dock (Black) (Discontinued by Manufacturer) (Certified Refurbished)	Mobile_Electronics	5	0	0	N	Y	Five Stars	it play great and I use it ever day	2015-08-29	1440862883	203.130.136.39
US	2009393	R3FFSP87JNU8SI	B00UG5GUWG	947797884	Bem HL2022 Bluetooth Mobile Speaker for Smartphones (Certified Refurbished)	Mobile_Electronics	5	0	0	N	Y	Very well made.	Works great with good sound for its small size. Fills up a room!	2015-08-29	1440796594	209.158.72.41
US	3207933	R3K7Y5MDMTALQN	B008RV3DEY	371839803	New Uncut Blank Transponder Ignition Key for Toyota Avalon Camry Corolla Rav4 Tundra Yaris Matrix Solara (Chip #4d-67)	Mobile_Electronics	1	0	0	N	Y	One Star	Did not work. Dont Buy for Corolla	2015-08-29	1440869741	204.114.83.90
US	28733547	R3G8YNAB1Q3S2M	B00NPMEZOM	57161434	G.G.Martinsen 8GB Slim 1.78'' Screen MP3/MP4 Player Media/Music/Audio Player with Silver color	Mobile_Electronics	1	0	0	N	Y	One Star	Piece of junk	2015-08-29	1440828809	204.218.190.107
US	50984499	R1NDVPJ30W6O2	B00VU7PGPQ	973149575	[New Element Series] iXCC MicroUSB cables	Mobile_Electronics	5	0	0	N	Y	Just what I needed...	I needed USB cords in lengths longer than 6ft. These fit my requirements perfectly.	2015-08-29	1440791037	198.125.226.65
US	21687432	R2C57357K55UVG	B00QEZDY2Q	245473334	Sony SRSBTM8 Portable NFC Bluetooth Wireless Speaker System (White)	Mobile_Electronics	5	3	3	N	Y	Great Bluetooth Speaker	I bought this a while ago and I think it's one of the best portable bluetooth speakers out there for the Amazon Price.  I like that it's not a rechargeable and uses regular batteries (so you can use rechargeable batteries if you choose) AND it has a plug.  The sound is loud and clear.	2015-08-29	1440825087	221.94.166.65
US	38360101	RGRM3U2X625NN	B00LAG4F6S	82850235	iXCC Multi pack Lightning cable	Mobile_Electronics	5	0	0	N	Y	Five Stars	Great replacement.  No problems	2015-08-28	1440718088	204.225.93.103
US	10480122	R2O3VQ0K7B9HBZ	B00O4D5GPS	844349050	Sony ICFCS15IP 30-Pin iPod/iPhone Speaker Dock (Black) (Discontinued by Manufacturer) (Certified Refurbished)	Mobile_Electronics	5	0	0	N	Y	Five Stars	The product is excillent.	2015-08-28	1440735186	214.189.128.5
US	4375234	RPSE49WSO10DR	B00ZFZ9NKS	44218210	PEMOTechTM In-Car Universal Wireless Bluetooth [FM Transmitter Modulator Radio Adapter] Car Kit MP3 Player with [3.5mm Audio Plug], [USB Car Charger] and [Remote Controller] Supports MP3 WMA Music on SD Card & USB Flash Drive	Mobile_Electronics	3	0	1	N	Y	Three Stars	Mic doesn't work clearly often	2015-08-28	1440709757	209.113.26.107
US	45575279	R36X50FMQHEQHH	B0087ZEQEQ	350738282	3 Meters Cable SMA Male Straight GPS Navigation Antenna	Mobile_Electronics	5	0	0	N	Y	Five Stars	Works	2015-08-28	1440777051	197.204.66.139
US	19909472	R3E0BN05HR6LEE	B0000AXTTR	406447034	Davis Tiller Tamer	Mobile_Electronics	5	2	2	N	Y	They must have	This is a must have for single handed sailing. I simply can't believe much this product is needed. Can't live without it	2015-08-28	1440704839	218.17.61.19
US	445209	R3K438SBWF85OY	B00X2J10YG	668898845	iPod Touch 5th 6th Gen Multi Zebra Glow Shock Resistant Hybrid Cover Case	Mobile_Electronics	5	1	1	N	Y	... bit but when it lights up it looks really cool!!	It takes a while to charge and it only last for a little bit but when it lights up it looks really cool !!	2015-08-28	1440726557	196.116.115.235
US	33266818	R2V9CHVGB6YBJC	B00LAG4HN4	536367292	iXCC Element II Lightning Cable 6ft, iPhone Charger, for iPhone 7 6s 6 Plus, SE 5s 5c 5, iPad Air 2 Pro, iPad mini 2 3 4, iPad 4th Gen [Apple MFi Certified](White and Black)	Mobile_Electronics	5	0	0	N	Y	Five Stars	both work great and are still working	2015-08-28	1440714044	223.206.126.113
US	36525697	R33N33IB4VR1P	B00GJ7TIWY	210231601	Lasonic Limited Edition Ghetto Blaster i931x Throwback - Multi Color/Black	Mobile_Electronics	5	0	0	N	Y	lasonic ghetto blaster	brings me back to the old days	2015-08-28	1440744840	192.26.130.243
US	14579833	R2VRREJRR5SEYS	B00J46XO9U	744008282	iXCC Lightning Cable 3ft, iPhone charger, for iPhone X, 8, 8 Plus, 7, 7 Plus, 6s, 6s Plus, 6, 6 Plus, SE 5s 5c 5, iPad Air 2 Pro, iPad mini 2 3 4, iPad 4th Gen [Apple MFi Certified](Black and White)	Mobile_Electronics	5	0	0	N	Y	Five Stars	Works like a charm!	2015-08-28	1440748166	216.42.241.99
US	33276605	R3D1J2M9A4PMKG	B00J46XO9U	744008282	iXCC Lightning Cable 3ft, iPhone charger, for iPhone X, 8, 8 Plus, 7, 7 Plus, 6s, 6s Plus, 6, 6 Plus, SE 5s 5c 5, iPad Air 2 Pro, iPad mini 2 3 4, iPad 4th Gen [Apple MFi Certified](Black and White)	Mobile_Electronics	5	0	0	N	Y	Great cords	I've ordered a ton of these white and black, long and short.  I keep buying them because they are made so well.  I need more to buy for the office, my car, the house...etc... awesome stuff!	2015-08-28	1440765457	199.233.207.231
US	44004584	R31LL9WV55G5MI	B00QERR5CY	82850235	iXCC Multi pack Lightning cable	Mobile_Electronics	5	0	0	N	Y	Good quality lightning cables	They work great.  Quite durable.  I would get them again.	2015-08-28	1440756667	207.61.183.178
US	3346319	R34S9L18X7V2SU	B00UG5GUWG	947797884	Bem HL2022 Bluetooth Mobile Speaker for Smartphones (Certified Refurbished)	Mobile_Electronics	5	0	0	N	Y	Great little Speaker.	This speaker works well and looked brand new. The sound is great and shipping was fast. I will be purchasing more products from Beach Camera on Amazon.	2015-08-28	1440700854	206.16.176.107
US	2265767	R1ED9U68DFV8V4	B00J46XO9U	744008282	iXCC Lightning Cable 3ft, iPhone charger, for iPhone X, 8, 8 Plus, 7, 7 Plus, 6s, 6s Plus, 6, 6 Plus, SE 5s 5c 5, iPad Air 2 Pro, iPad mini 2 3 4, iPad 4th Gen [Apple MFi Certified](Black and White)	Mobile_Electronics	1	0	0	N	N	One Star	It broke less than a month. Don't buy them.	2015-08-28	1440734983	212.120.221.1
US	45506193	R17YPOIKM62BF3	B00WJHJGP2	29790660	Tepoinn Car Mount Holder,Windshield Air Vent Dashboard Car Mount Mounting Holder Brackets Kits Window Suction for Smartphone Iphone4 Iphone5 Iphone6 Plus	Mobile_Electronics	5	0	0	N	Y	Great phone mount!	Very nice and compact and easy to install.	2015-08-28	1440762962	219.168.146.182
US	7737019	R1CUNSRHBYLK9Z	B00J46XO9U	744008282	iXCC Lightning Cable 3ft, iPhone charger, for iPhone X, 8, 8 Plus, 7, 7 Plus, 6s, 6s Plus, 6, 6 Plus, SE 5s 5c 5, iPad Air 2 Pro, iPad mini 2 3 4, iPad 4th Gen [Apple MFi Certified](Black and White)	Mobile_Electronics	5	0	0	N	Y	Love it	I've bought a total of 3 of these cables I've had the first for over a month and works great. Lasted longer than the ones I got from Apple. I needed one that worked with my lifeproof case and this does	2015-08-28	1440738502	196.228.190.194
US	31860059	R2AH5GMM6QON95	B00M69QUY8	688263148	Bluetooth Speakers Dylan™ Cocoon Portable Bluetooth Speakers with Nfc, Wireless Speaker System / Portable Speakers with 1800mah Li-ion Battery, Ultra Bass Booster, Powerful Crystal-clear Sound, Subwoofer Sound Effect / Built in Mic for Calls / for Smart Phones and Tablets / Laptops / Pc Computers / Mp3 Players (Black)	Mobile_Electronics	3	0	0	N	Y	Three Stars	Does not auto shut off, loud but distorts at high volume, will be replacing with another speaker.	2015-08-28	1440756715	213.145.42.102
US	33582678	R9MJDU3R093NB	B00QERR5CY	82850235	iXCC Multi pack Lightning cable	Mobile_Electronics	5	0	0	N	Y	Five Stars	Product works as promised	2015-08-28	1440719406	197.123.66.81
US	30804678	RIU78P3E611Y6	B005MJTN9I	35786779	2003 2004 2005 2006 Escalade Silverado Tahoe Avalanche Sierra Yukon Denali Keyless Entry Remote Case Silver Carbon Fiber Print	Mobile_Electronics	5	0	0	N	Y	Just like the original but with style	Just like the original but with style, helps us keep our keys separate for the two GMC products we own.	2015-08-28	1440710619	200.43.92.120
US	33722929	R2B8R3L0CZG4DD	B00LGW8YQ8	748562377	NEW & COOL&gt; chevy CHROME TRAILBLAZER CHEVROLET Bow Tie Emblem Suburban trailbrzer EQUINOX	Mobile_Electronics	1	0	0	N	Y	One Star	too small	2015-08-28	1440763910	214.130.81.206
US	43050661	R2T76C9JGJ3NJU	B00QERR5CY	82850235	iXCC Multi pack Lightning cable	Mobile_Electronics	5	0	0	N	Y	Best cables period!!	The best charging cables out there. I've tried cheaper ones and they always stop working. ive had these for a while now, and they work every time.	2015-08-28	1440714273	221.16.134.74
US	15821693	R3G5H8HACXVU6E	B0046720H4	355585704	Clear Crystal Design Case For Apple iPod Touch 4th Generation	Mobile_Electronics	5	0	0	N	Y	Five Stars	Works fine.	2015-08-28	1440777696	214.190.222.246
US	38186679	RHBRVAQNLK0V6	B00VU7PGPQ	973149575	[New Element Series] iXCC MicroUSB cables	Mobile_Electronics	5	0	0	N	Y	Love the new	Just what I wanted.  Love the new cords	2015-08-28	1440770568	222.185.44.243
US	1304395	R1EMG9NDRF1CQA	B00VU7PTKI	973149575	[New Element Series] iXCC MicroUSB cables	Mobile_Electronics	5	0	0	N	Y	Five Stars	Works great, and really fast delivery.	2015-08-28	1440757404	201.171.13.18
US	24318000	RBWOK2EWWQ5VA	B00WG6OAH0	487814518	SmartOmni Black 3.5mm USB NFC Wireless Bluetooth Stereo Audio Music Receiver Adapter Audio Music Receiver Wireless	Mobile_Electronics	5	0	0	N	Y	Does what it says and very affordable.	Got it on Prime when it was only $5.99. Figured it was worth a shot for such a low price. Added it to an older A/V receiver and it is working as intended. Supplied cords were really short, and though it is supplied with a micro usb cable it is not supplied with an AC adapter for the cable. Pairing was simple, just plugged it in and my phone connected to it on the first try. Haven't tried the NFC functionality due to my phone's current rom having it disabled, but I'm sure it works fine. It works every bit as well as other bluetooth receivers I've purchased in the past for five times the price. I will probably purchase another one if this one continues working well.	2015-08-28	1440764883	207.168.71.220
US	48143398	R1771FYIU642W9	B00PVSJ9MG	4508473	M5 WiFi Sony 1/2.9 Inch Comos Sensor Full HD 1080p Mini Car Camcorder Vehicle DVR Road Dashboard Dash Video Camera Recorder with Wireless Remote Capture Button	Mobile_Electronics	5	0	0	N	Y	Five Stars	very good thanks	2015-08-28	1440709532	214.85.105.253
US	6223256	R12S0ARHBOUHM4	B00SY5LJTO	218904313	AGPtEK® Car Radio Music MP3 Player Tape Cassette Adapter MP3 to Cassette Converter USB Charger SD MMC Adapter + Remote Control + Earphone	Mobile_Electronics	4	0	0	N	Y	Four Stars	Quality of song good, only one problem with remote control, when cassete inside.	2015-08-28	1440760246	202.181.166.220
US	13418761	RJWZF0T3DQHIP	B011NH6I18	438033117	USTEK&reg; GPS Sun Shade Glare Shield Sun Visor Screen Protector for Universal Car GPS Applicable for Most Sedans and SUVs	Mobile_Electronics	5	2	2	N	N	Works 100% with Proper GPS Orientation	Important: YOU HAVE TO HAVE A CD SLOT RIGHT ABOVE YOUR GPS FOR THIS TO WORK<br /><br />The Good:<br /><br />• It works 100% with a GPS system that has a CD slot on top<br />• Minimal design that fits right in<br />• Easy to remove/ install<br /><br />Thoughts:<br /><br />• There is a slight rattle when going over bumps<br />• The directions are awful but you can figure it out by the Amazon Pics<br /><br />The Bottom Line:<br /><br />Buy this if you have the right GPS set up as described above. It will keep the glare of your GPS screen…especially if you drive with the sunroof open.  Please note that I was able to test this product at a discount in order to provide you with an honest, unbiased review.	2015-08-28	1440761652	222.187.162.40
US	6293745	R3T4FXBLX36ZVL	B00QERR5CY	82850235	iXCC Multi pack Lightning cable	Mobile_Electronics	5	0	0	N	Y	Five Stars	Good	2015-08-28	1440704243	212.121.90.192
US	52352506	R2MYZ820MAQHH2	B00LAG4F6S	82850235	iXCC Multi pack Lightning cable	Mobile_Electronics	5	0	0	N	Y	Five Stars	Works great for my iPhone and IPad.  And much less expensive than Apple's products.	2015-08-28	1440753392	217.79.61.10
US	787281	R3NZFPC1A52EBQ	B00I6DLIB8	313520251	MSI GTX 750 TI 2GB DDR5 OC 128Bit DVI-D/D-SUB/HDMI N750TI TF 2GD5/OC	Mobile_Electronics	1	0	4	N	Y	One Star	Don't buy it if your desktop is not compatible for windows 7	2015-08-28	1440714134	218.75.114.119
US	27053976	R271U9TA3KB9H2	B00QERR5CY	82850235	iXCC Multi pack Lightning cable	Mobile_Electronics	5	0	0	N	Y	they work great! haven't had any issues and i've had them ...	they work great!  haven't had any issues and i've had them for about 6 months.	2015-08-28	1440768450	215.9.68.218
US	34426421	R321L5O20GCTH4	B00VU7PGPQ	973149575	[New Element Series] iXCC MicroUSB cables	Mobile_Electronics	5	0	0	N	Y	Five Stars	amazing	2015-08-28	1440753221	222.108.247.216
US	19709513	R2KIYLTNUT9ZDZ	B00S008WB6	183355568	Motorola HT1250 UHF 450-512Mhz 128Ch 4W Radio AAH25SDF9AA5AN narrow band fire ems police first responder public safety business warehouse industrial heavy duty Green Radio and Antenna Only	Mobile_Electronics	5	0	0	N	Y	Good radio	Good product as advertised. Would have liked to be more obvious that the radio did not include a battery. But still happy with product.	2015-08-28	1440785019	207.3.140.76
US	46357896	R2XVNIWD1KD9W8	B00J46XO9U	744008282	iXCC Lightning Cable 3ft, iPhone charger, for iPhone X, 8, 8 Plus, 7, 7 Plus, 6s, 6s Plus, 6, 6 Plus, SE 5s 5c 5, iPad Air 2 Pro, iPad mini 2 3 4, iPad 4th Gen [Apple MFi Certified](Black and White)	Mobile_Electronics	5	0	0	N	Y	Excellent Cable at a Great Price!	This cable works lightening-fast. As soon as I plug it into my iPhone, it recognizes the charger instantly and begins charging immediately. No need to wiggle the cable around the port to get it to fit properly or for the device to pick it up. I actually think it works better than the charger my iphone came with! I've had it for over a year now and the wire is still in excellent shape. No tears to the cable, like you often have with apple headphones or other chargers, plus the wire is still neat and clean hasn't really accumulated any dirt or smudges (I bought the white one so that says a lot). The cable also stays straight, i.e. it also doesn't tangle or twist into a knot that you need to untangle. Whether you're looking for a primary iphone charger or a secondary charging cable for your car or for traveling, this product gets the job done!<br /><br />Overall, a great item at a great price (no need to overpay at the Apple store). It works very well and still lasts and looks pretty much the same as the day I bought it. Well done with the manufacturing, definitely no knock-off experience here!	2015-08-28	1440772411	211.177.88.114
US	176073	R13DKJ0NSV7EHF	B00OZ5C2PW	907232251	Rockford Fosgate R1-HD2-9813 140 Watt RMS 2 Channel Motorcycle/Harley Amplifier and Complete Speaker System - Includes All Wiring and Mounting Hardware, Closed Loop Design Maximizes Output	Mobile_Electronics	1	0	0	N	N	Two Thumbs down for service after the sale!	Easy to install, sounded great for about three weeks and then the AMP shorted out or something to blow the main fuse. Sent it back several weeks ago and when enquiring about its ETA they told me the end of September because they are on back order. With no service after the sale I will NEVER buy another Rockford Fosgate product!!!! Ridiculous...	2015-08-28	1440741231	200.44.41.199
US	15600710	R2JTDXDN3EH3LW	B00VU7PGPQ	973149575	[New Element Series] iXCC MicroUSB cables	Mobile_Electronics	5	0	0	N	Y	It works for me! I'm using it for my ...	It works for me!  I'm using it for my PS4 controller.  Why?  Cause the controller loses charge VERY quickly. It's common knowledge.<br />Can't go wrong with these cables. Just don't forget, if wireless is a promise, you'll be begging for wired in a heartbeat.	2015-08-28	1440761586	196.10.147.71
US	16646171	R3O4VTV6JF3E2G	B00MFM8AUI	570563566	Lumsing&reg; Portable NFC Bluetooth Speaker,Rechargeable Battery Powerful Sound Bass System for iPhone iPad MP3 Player Smartphones Laptop	Mobile_Electronics	4	0	0	N	Y	Nice little speaker with big sound.	Managed to pick this beauty up on sale for about $15. I was so impressed I ordered two more and gave them away as gifts. The sound is pretty darn good for such a small device and with a passive bass speaker on the back its' audio is quite stellar. The body is a mixture of silicone rubber and high density plastic, with metal grills on the front, and a rubber strap for carrying.<br /><br />Outdoors, it won't scare away the livestock or set off seismic activity sensors but is perfect for a tent or a small room. As an added bonus you can insert a micro hard drive on the back and play your music directly from that, so it technically qualifies as an MP3 player, albeit one with minimal controls. It doesn't have any IPX proofing, so I would try and keep it away from water. Having said that for $15, you can take this to the swimming pool and should it get soaked you won't feel like you got um, soaked.	2015-08-28	1440720874	206.200.126.209
US	45286795	R2I7U743HBLIOM	B004A83PE6	683281404	6-Pack Mirror Screen Protector for Apple iPod Touch 4th Gen	Mobile_Electronics	4	0	0	N	Y	Four Stars	Did the job	2015-08-28	1440774179	206.11.235.81
US	139230	RWEDYJ952QEPV	B00PGQY5CW	636384633	Bose SoundLink Mini Bluetooth Wireless Speaker w/ Gray Soft Silicon Cover & Travel Bag - Bundle	Mobile_Electronics	5	0	0	N	Y	you get great quality and sound from BOSE	As always, you get great quality and sound from BOSE ! Thank you Amazon	2015-08-28	1440728949	206.10.247.46
US	15032270	R1C73L0BM1ACD6	B00CO039OS	244821108	5 Pcs CBB61 2uF AC 500V Polypropylene Film Motor Run Capacitor	Mobile_Electronics	5	0	0	N	Y	Fun project	Got my portable fan working again.	2015-08-28	1440761196	200.183.110.2
US	44448129	R309CG6X5YVGRC	B001RNL3XC	979285539	Mivizu Nike,iPod Shoe Lace sensor Pouch for Nike , iPod Sport Kit-Lime	Mobile_Electronics	5	0	0	N	Y	Five Stars	Great!	2015-08-28	1440725334	212.115.113.40
US	36402631	R2XGJAWYFAACG0	B0067XVNTG	563475445	"Generic Car Dashboard Video Camera Vehicle Video Accident Recorder (2.0"" 1080P)"	Mobile_Electronics	3	0	0	N	Y	In case of disoperation....	Alright, so I wasn't expecting much. That's okay because I'm putting this in my old Chevy pickup and if it gets stolen some day I didn't want to be out a bunch of money. The camera works. Now, here's my only complaint so far - this is quite possibly the most unbelievably bad manual I have ever seen in my life. It's so bad it's actually funny. The camera has three modes: video (called &#34;shooting&#34;), photos, and File management (playback). Got it, not a big deal. Now for the recording video there are a couple options that would be nice to control - like auto shake and auto night mode. Here's what the manual says, &#34;The camera start to record automatic when it is open up, press OK key to stop recording which pressed again to restart recording, press up and down key in recording model to save electricity Press up and down key in recording model for mode switch in day and night, night scene is open fill-in light.&#34; Yeah. That's typed verbatim. So, the up and down key &#34;save electricity&#34; and &#34;mode switch in day and night&#34; in &#34;recording model&#34;. Despite trying about a dozen things, all I can get the up and down keys to do are zoom in and out the camera. That was starting to get kind of frustrating because the fill lights were staying on and there was no way to turn them off or convince the camera to go out of night mode. Finally I resorted to a system reset which quite helpfully switched all the menus to Chinese and (amazingly) turned off the the night mode and associated fill light. Yay. There is also a G sensor (maybe that's the anti-shake?) that ambiguously offers me 2G, 4G, 8G, and OFF. I tried 2G and OFF in the hopes that it would reduce the number of times I thought, &#34;Gee, I have no idea how this option is supposed to work&#34; but alas, my &#34;Gee&#34; count continued to rise. Motion detection? Okay.....well, that's nice, but since it's in a car won't there almost always be motion? I was happy though to find out that &#34;You can press reset and starting up the product when a crash happened because disoperation, it will get right.&#34; Thank goodness! I hate it when I crash my car and it disoperates, but with a push of a button it will get right!	2015-08-28	1440749723	193.120.185.213
US	52223478	R34M1NEAF69R87	B00SKPPY1W	742440014	[Waterproof Wireless Bluetooth Speaker] - Iselector NFC IPX6 Water Resistant Shock Proof and Dust Proof Outdoor / Shower / MP3 / PC Speakers with Build-in 2000mAh Battery for Apple iPhone iPad iPod, Samsung Galaxy, LG, Htc, Nexus Smartphones ,Tablets	Mobile_Electronics	3	0	0	N	N	Great sound but lacks NFC functions	Pros:<br />Great size.  Really nice, full sound.  Strong bluetooth range.<br />Haven't tested the water-proof abilities and probably won't.<br /><br />Cons:<br />The NFC pairing seems non-existent.  The manual tells me to put the phone on an NFC label that simply is not there.  Why do I care?  Well, there is a voice that tells you when you connect/disconnect.  Part of me likes knowing but the problem is that when I'm in another part of my house and coming in and out of range there is an odd male voice upstairs scaring my kids.  Well. maybe just freaking them out a little.  I bought this, in part, because the NFC should let me connect when I'm in the room and disconnect when I walk out.  Instead, I can't do that.<br /><br />So while I really like the sound and size I'm debating if I will return this due to a non-existent feature.	2015-08-28	1440758462	198.3.88.146
US	30507637	R2Z0UKSCPQ7J5U	B00B2HTMMW	382416989	Eco-Fused Case Bundle for Apple iPod Touch 4 including 4 Polka Dot Covers / 2 Stylus Pens / 2 Screen Protectors / Microfiber Cleaning Cloth (Green, Blue, Purple, Yellow)	Mobile_Electronics	5	0	0	N	Y	Colorful and cute!	I bought the polka-dot ipod cases for my granddaughter.  They fit perfectly, and she loves the colors.  She especially enjoys giving her ipod a new look each day!	2015-08-28	1440730364	201.244.244.225